Chassis_ID,Inspection_No,Inspection_Date,Weld_Quality_Score,Weld_Status,Frame_Weight_kg,Frame_Weight_Status,Dimensional_Deviation_mm,Dimensional_Grade,Dimensional_Status,Material_Grade,Hardness_BHN,Material_Status,Surface_Defect_Count,Surface_Defect_Status,Static_Load_Capacity_kg,Permanent_Deformation,Load_Test_Status,Overall_QC_Status
CHS-00001,1,2025-01-01 00:00:00,91.1,Pass,81.3,Fail,0.221,Grade B,Pass,HSLA-340,202.9,Pass,5,Pass,467.9,No,Pass,Warning
CHS-00001,2,2025-01-01 00:10:00,95.8,Pass,83.19,Pass,0.232,Grade B,Pass,E350,158.6,Pass,5,Pass,548.3,No,Pass,Pass
CHS-00001,3,2025-01-01 00:20:00,80.1,Warning,83.37,Pass,0.233,Grade B,Pass,E350,167.7,Pass,4,Pass,519.5,No,Pass,Pass
CHS-00001,4,2025-01-01 00:30:00,98.0,Pass,84.84,Pass,0.123,Grade A,Pass,HSLA-340,174.7,Pass,2,Pass,451.1,No,Pass,Pass
CHS-00001,5,2025-01-01 00:40:00,90.7,Pass,87.76,Warning,0.32,Grade B,Pass,HSLA-340,174.2,Pass,5,Pass,530.9,No,Pass,Pass
CHS-00001,6,2025-01-01 00:50:00,89.4,Pass,82.23,Warning,0.54,Grade C,Warning,HSLA-420,223.7,Pass,4,Pass,517.8,No,Pass,Warning
CHS-00001,7,2025-01-01 01:00:00,95.7,Pass,83.02,Pass,0.326,Grade B,Pass,E350,166.3,Pass,2,Pass,500.2,No,Pass,Pass
CHS-00001,8,2025-01-01 01:10:00,99.2,Pass,86.63,Pass,0.269,Grade B,Pass,HSLA-340,178.0,Pass,0,Pass,453.2,No,Pass,Pass
CHS-00001,9,2025-01-01 01:20:00,99.6,Pass,83.87,Pass,0.533,Grade C,Warning,HSLA-420,201.7,Pass,5,Pass,419.5,No,Fail,Warning
CHS-00001,10,2025-01-01 01:30:00,87.8,Pass,89.34,Fail,0.233,Grade B,Pass,IS2062-E250,140.6,Pass,4,Pass,491.4,No,Pass,Warning
CHS-00001,11,2025-01-01 01:40:00,85.7,Pass,82.14,Warning,0.091,Grade A,Pass,E350,181.0,Pass,1,Pass,531.5,No,Pass,Pass
CHS-00001,12,2025-01-01 01:50:00,95.9,Pass,86.42,Pass,0.316,Grade B,Pass,HSLA-340,202.4,Pass,3,Pass,414.3,Yes,Fail,Warning
CHS-00001,13,2025-01-01 02:00:00,84.5,Warning,88.26,Warning,0.107,Grade A,Pass,HSLA-340,182.5,Pass,0,Pass,544.9,No,Pass,Warning
CHS-00001,14,2025-01-01 02:10:00,89.3,Pass,86.61,Pass,0.332,Grade B,Pass,E350,171.9,Pass,5,Pass,543.9,No,Pass,Pass
CHS-00001,15,2025-01-01 02:20:00,95.7,Pass,83.25,Pass,0.585,Reject,Fail,HSLA-340,172.5,Pass,2,Pass,543.3,No,Pass,Warning
CHS-00001,16,2025-01-01 02:30:00,99.9,Pass,84.96,Pass,0.22,Grade B,Pass,E350,155.4,Pass,6,Warning,475.7,No,Pass,Pass
CHS-00001,17,2025-01-01 02:40:00,92.6,Pass,85.36,Pass,0.318,Grade B,Pass,IS2062-E250,157.4,Pass,3,Pass,455.0,No,Pass,Pass
CHS-00001,18,2025-01-01 02:50:00,98.8,Pass,86.27,Pass,0.208,Grade B,Pass,IS2062-E250,152.6,Pass,11,Fail,539.0,No,Pass,Warning
CHS-00001,19,2025-01-01 03:00:00,86.1,Pass,84.15,Pass,0.345,Grade B,Pass,HSLA-420,215.7,Pass,5,Pass,530.8,No,Pass,Pass
CHS-00001,20,2025-01-01 03:10:00,99.0,Pass,86.94,Pass,0.31,Grade B,Pass,HSLA-340,189.8,Pass,7,Warning,525.5,No,Pass,Pass
CHS-00001,21,2025-01-01 03:20:00,78.6,Fail,84.79,Pass,0.258,Grade B,Pass,E350,184.5,Pass,1,Pass,529.9,No,Pass,Warning
CHS-00001,23,2025-01-01 03:40:00,85.5,Pass,83.58,Pass,0.34,Grade B,Pass,HSLA-340,176.0,Pass,8,Warning,473.0,No,Pass,Pass
CHS-00001,24,2025-01-01 03:50:00,88.4,Pass,86.26,Pass,0.087,Grade A,Pass,E350,161.9,Pass,0,Pass,467.3,No,Pass,Pass
CHS-00001,25,2025-01-01 04:00:00,80.5,Warning,84.34,Pass,0.172,Grade A,Pass,E350,184.0,Pass,5,Pass,546.1,No,Pass,Pass
CHS-00001,26,2025-01-01 04:10:00,95.9,Pass,89.35,Fail,0.245,Grade B,Pass,IS2062-E250,147.7,Pass,2,Pass,513.6,No,Pass,Warning
CHS-00001,27,2025-01-01 04:20:00,92.1,Pass,82.75,Warning,0.097,Grade A,Pass,HSLA-420,197.5,Pass,1,Pass,547.7,No,Pass,Pass
CHS-00001,28,2025-01-01 04:30:00,80.7,Warning,84.29,Pass,0.142,Grade A,Pass,HSLA-340,187.4,Pass,3,Pass,499.2,No,Pass,Pass
CHS-00001,29,2025-01-01 04:40:00,98.2,Pass,85.04,Pass,0.397,Grade B,Pass,IS2062-E250,152.3,Pass,5,Pass,514.3,No,Pass,Pass
CHS-00001,30,2025-01-01 04:50:00,95.8,Pass,87.43,Pass,0.151,Grade A,Pass,IS2062-E250,128.6,Pass,5,Pass,534.8,No,Pass,Pass
CHS-00001,31,2025-01-01 05:00:00,87.0,Pass,87.14,Pass,0.385,Grade B,Pass,IS2062-E250,132.5,Pass,11,Fail,480.3,No,Pass,Warning
CHS-00001,34,2025-01-01 05:30:00,99.6,Pass,83.36,Pass,0.142,Grade A,Pass,HSLA-420,208.9,Pass,5,Pass,546.1,No,Pass,Pass
CHS-00001,38,2025-01-01 06:10:00,96.8,Pass,84.15,Pass,0.374,Grade B,Pass,E350,164.9,Pass,2,Pass,443.3,No,Fail,Warning
CHS-00001,39,2025-01-01 06:20:00,90.9,Pass,87.1,Pass,0.089,Grade A,Pass,E350,152.1,Pass,8,Warning,489.7,No,Pass,Pass
CHS-00001,40,2025-01-01 06:30:00,90.1,Pass,83.8,Pass,0.062,Grade A,Pass,HSLA-340,196.0,Pass,4,Pass,473.9,No,Pass,Pass
CHS-00001,41,2025-01-01 06:40:00,86.7,Pass,85.87,Pass,0.392,Grade B,Pass,HSLA-420,196.2,Pass,7,Warning,478.1,No,Pass,Pass
CHS-00001,42,2025-01-01 06:50:00,90.1,Pass,86.17,Pass,0.075,Grade A,Pass,IS2062-E250,118.6,Pass,5,Pass,467.4,No,Pass,Pass
CHS-00001,44,2025-01-01 07:10:00,80.6,Warning,85.65,Pass,0.375,Grade B,Pass,HSLA-420,209.8,Pass,5,Pass,433.2,No,Fail,Warning
CHS-00001,45,2025-01-01 07:20:00,83.7,Warning,85.74,Pass,0.132,Grade A,Pass,HSLA-340,202.0,Pass,2,Pass,537.8,No,Pass,Pass
CHS-00001,46,2025-01-01 07:30:00,88.0,Pass,83.7,Pass,0.286,Grade B,Pass,IS2062-E250,147.9,Pass,3,Pass,411.7,Yes,Fail,Warning
CHS-00001,48,2025-01-01 07:50:00,95.0,Pass,85.34,Pass,0.179,Grade A,Pass,IS2062-E250,150.6,Pass,6,Warning,470.9,No,Pass,Pass
CHS-00001,49,2025-01-01 08:00:00,85.7,Pass,84.15,Pass,0.237,Grade B,Pass,HSLA-340,202.4,Pass,6,Warning,437.1,Yes,Fail,Warning
CHS-00001,50,2025-01-01 08:10:00,82.5,Warning,86.57,Pass,0.098,Grade A,Pass,HSLA-340,197.8,Pass,2,Pass,502.0,No,Pass,Pass
CHS-00002,1,2025-01-01 08:20:00,76.7,Fail,84.99,Pass,0.277,Grade B,Pass,HSLA-340,197.9,Pass,4,Pass,418.3,Yes,Fail,Fail
CHS-00002,2,2025-01-01 08:30:00,85.2,Pass,82.43,Warning,0.541,Grade C,Warning,IS2062-E250,138.5,Pass,5,Pass,535.3,No,Pass,Warning
CHS-00002,3,2025-01-01 08:40:00,87.4,Pass,83.87,Pass,0.259,Grade B,Pass,HSLA-420,198.2,Pass,3,Pass,442.1,Yes,Fail,Warning
CHS-00002,4,2025-01-01 08:50:00,82.6,Warning,84.14,Pass,0.464,Grade C,Warning,IS2062-E250,138.2,Pass,5,Pass,472.7,No,Pass,Warning
CHS-00002,5,2025-01-01 09:00:00,85.0,Pass,85.35,Pass,0.13,Grade A,Pass,E350,180.5,Pass,0,Pass,444.6,Yes,Fail,Warning
CHS-00002,6,2025-01-01 09:10:00,95.9,Pass,88.07,Warning,0.128,Grade A,Pass,IS2062-E250,129.7,Pass,4,Pass,537.9,No,Pass,Pass
CHS-00002,7,2025-01-01 09:20:00,95.4,Pass,87.01,Pass,0.074,Grade A,Pass,HSLA-420,213.1,Pass,1,Pass,434.4,Yes,Fail,Warning
CHS-00002,8,2025-01-01 09:30:00,80.2,Warning,82.65,Warning,0.25,Grade B,Pass,HSLA-420,223.1,Pass,1,Pass,450.3,No,Pass,Warning
CHS-00002,9,2025-01-01 09:40:00,81.8,Warning,84.12,Pass,0.382,Grade B,Pass,IS2062-E250,156.3,Pass,5,Pass,506.5,No,Pass,Pass
CHS-00002,10,2025-01-01 09:50:00,98.4,Pass,84.15,Pass,0.348,Grade B,Pass,HSLA-420,212.9,Pass,4,Pass,418.6,No,Fail,Warning
CHS-00002,11,2025-01-01 10:00:00,91.6,Pass,84.17,Pass,0.318,Grade B,Pass,HSLA-420,188.9,Pass,3,Pass,452.7,No,Pass,Pass
CHS-00002,12,2025-01-01 10:10:00,97.6,Pass,85.35,Pass,0.424,Grade C,Warning,E350,172.2,Pass,5,Pass,503.3,No,Pass,Pass
CHS-00002,13,2025-01-01 10:20:00,80.7,Warning,87.33,Pass,0.192,Grade A,Pass,HSLA-340,185.4,Pass,4,Pass,483.6,No,Pass,Pass
CHS-00002,16,2025-01-01 10:50:00,90.9,Pass,86.11,Pass,0.572,Reject,Fail,E350,164.3,Pass,4,Pass,508.7,No,Pass,Warning
CHS-00002,17,2025-01-01 11:00:00,86.7,Pass,86.95,Pass,0.164,Grade A,Pass,IS2062-E250,117.6,Pass,8,Warning,512.2,No,Pass,Pass
CHS-00002,18,2025-01-01 11:10:00,98.9,Pass,84.68,Pass,0.242,Grade B,Pass,IS2062-E250,120.8,Pass,1,Pass,418.5,No,Fail,Warning
CHS-00002,19,2025-01-01 11:20:00,90.9,Pass,84.86,Pass,0.13,Grade A,Pass,HSLA-420,222.0,Pass,3,Pass,533.4,No,Pass,Pass
CHS-00002,20,2025-01-01 11:30:00,92.6,Pass,84.13,Pass,0.382,Grade B,Pass,HSLA-420,199.6,Pass,6,Warning,533.7,No,Pass,Pass
CHS-00002,21,2025-01-01 11:40:00,83.3,Warning,84.15,Pass,0.304,Grade B,Pass,IS2062-E250,135.7,Pass,1,Pass,472.9,No,Pass,Pass
CHS-00002,22,2025-01-01 11:50:00,99.1,Pass,84.6,Pass,0.17,Grade A,Pass,HSLA-420,200.3,Pass,2,Pass,456.6,No,Pass,Pass
CHS-00002,23,2025-01-01 12:00:00,95.5,Pass,87.17,Pass,0.218,Grade B,Pass,HSLA-420,219.5,Pass,1,Pass,455.3,No,Pass,Pass
CHS-00002,24,2025-01-01 12:10:00,84.3,Warning,87.88,Warning,0.059,Grade A,Pass,HSLA-420,203.4,Pass,2,Pass,530.3,No,Pass,Warning
CHS-00002,25,2025-01-01 12:20:00,91.0,Pass,83.29,Pass,0.172,Grade A,Pass,HSLA-340,203.4,Pass,7,Warning,457.3,No,Pass,Pass
CHS-00002,26,2025-01-01 12:30:00,78.3,Fail,84.17,Pass,0.053,Grade A,Pass,HSLA-340,189.6,Pass,0,Pass,420.6,Yes,Fail,Fail
CHS-00002,27,2025-01-01 12:40:00,85.8,Pass,83.76,Pass,0.142,Grade A,Pass,IS2062-E250,151.1,Pass,4,Pass,518.8,No,Pass,Pass
CHS-00002,28,2025-01-01 12:50:00,85.4,Pass,89.73,Fail,0.335,Grade B,Pass,IS2062-E250,128.3,Pass,12,Fail,535.5,No,Pass,Fail
CHS-00002,29,2025-01-01 13:00:00,84.0,Warning,85.51,Pass,0.116,Grade A,Pass,E350,179.2,Pass,2,Pass,421.0,Yes,Fail,Warning
CHS-00002,31,2025-01-01 13:20:00,97.0,Pass,86.8,Pass,0.22,Grade B,Pass,HSLA-420,223.2,Pass,11,Fail,469.4,No,Pass,Warning
CHS-00002,32,2025-01-01 13:30:00,99.2,Pass,86.11,Pass,0.071,Grade A,Pass,HSLA-420,206.0,Pass,9,Fail,467.5,No,Pass,Warning
CHS-00002,33,2025-01-01 13:40:00,87.2,Pass,88.25,Warning,0.378,Grade B,Pass,E350,174.5,Pass,0,Pass,463.3,No,Pass,Pass
CHS-00002,34,2025-01-01 13:50:00,89.1,Pass,85.67,Pass,0.191,Grade A,Pass,IS2062-E250,121.7,Pass,4,Pass,501.8,No,Pass,Pass
CHS-00002,35,2025-01-01 14:00:00,91.3,Pass,85.08,Pass,0.35,Grade B,Pass,HSLA-340,179.3,Pass,7,Warning,453.5,No,Pass,Pass
CHS-00002,36,2025-01-01 14:10:00,96.3,Pass,80.77,Fail,0.14,Grade A,Pass,E350,156.3,Pass,4,Pass,544.6,No,Pass,Warning
CHS-00002,38,2025-01-01 14:30:00,85.7,Pass,84.12,Pass,0.354,Grade B,Pass,IS2062-E250,117.9,Pass,4,Pass,401.1,No,Fail,Warning
CHS-00002,39,2025-01-01 14:40:00,93.2,Pass,81.3,Fail,0.297,Grade B,Pass,E350,178.5,Pass,9,Fail,472.3,No,Pass,Fail
CHS-00002,40,2025-01-01 14:50:00,93.6,Pass,82.68,Warning,0.254,Grade B,Pass,HSLA-340,184.3,Pass,4,Pass,528.0,No,Pass,Pass
CHS-00002,41,2025-01-01 15:00:00,99.8,Pass,86.87,Pass,0.503,Grade C,Warning,IS2062-E250,146.4,Pass,5,Pass,545.3,No,Pass,Pass
CHS-00002,42,2025-01-01 15:10:00,84.7,Warning,86.69,Pass,0.315,Grade B,Pass,IS2062-E250,147.7,Pass,8,Warning,530.4,No,Pass,Warning
CHS-00002,43,2025-01-01 15:20:00,88.4,Pass,85.07,Pass,0.246,Grade B,Pass,HSLA-340,201.9,Pass,4,Pass,511.2,No,Pass,Pass
CHS-00002,44,2025-01-01 15:30:00,85.3,Pass,85.75,Pass,0.334,Grade B,Pass,HSLA-420,192.1,Pass,3,Pass,525.7,No,Pass,Pass
CHS-00002,45,2025-01-01 15:40:00,90.2,Pass,85.75,Pass,0.475,Grade C,Warning,IS2062-E250,155.0,Pass,0,Pass,432.8,Yes,Fail,Warning
CHS-00002,46,2025-01-01 15:50:00,89.3,Pass,85.35,Pass,0.156,Grade A,Pass,IS2062-E250,153.8,Pass,2,Pass,482.5,No,Pass,Pass
CHS-00002,47,2025-01-01 16:00:00,86.0,Pass,82.73,Warning,0.129,Grade A,Pass,E350,167.5,Pass,9,Fail,511.4,No,Pass,Warning
CHS-00002,49,2025-01-01 16:20:00,97.7,Pass,88.22,Warning,0.331,Grade B,Pass,IS2062-E250,153.7,Pass,7,Warning,456.2,No,Pass,Warning
CHS-00003,1,2025-01-01 16:40:00,92.2,Pass,82.55,Warning,0.357,Grade B,Pass,HSLA-420,189.5,Pass,5,Pass,499.5,No,Pass,Pass
CHS-00003,2,2025-01-01 16:50:00,91.0,Pass,88.37,Warning,0.185,Grade A,Pass,E350,169.2,Pass,4,Pass,547.3,No,Pass,Pass
CHS-00003,3,2025-01-01 17:00:00,95.4,Pass,86.31,Pass,0.201,Grade B,Pass,E350,176.4,Pass,6,Warning,472.2,No,Pass,Pass
CHS-00003,4,2025-01-01 17:10:00,98.6,Pass,89.96,Fail,0.519,Grade C,Warning,E350,157.1,Pass,4,Pass,503.8,No,Pass,Warning
CHS-00003,5,2025-01-01 17:20:00,89.6,Pass,83.03,Pass,0.355,Grade B,Pass,HSLA-340,173.7,Pass,4,Pass,447.4,No,Fail,Warning
CHS-00003,6,2025-01-01 17:30:00,84.7,Warning,83.49,Pass,0.107,Grade A,Pass,HSLA-420,207.6,Pass,4,Pass,544.8,No,Pass,Pass
CHS-00003,7,2025-01-01 17:40:00,88.6,Pass,85.11,Pass,0.111,Grade A,Pass,HSLA-420,212.7,Pass,4,Pass,461.9,No,Pass,Pass
CHS-00003,8,2025-01-01 17:50:00,85.0,Pass,86.3,Pass,0.101,Grade A,Pass,HSLA-420,188.8,Pass,9,Fail,517.2,No,Pass,Warning
CHS-00003,9,2025-01-01 18:00:00,99.4,Pass,87.16,Pass,0.237,Grade B,Pass,IS2062-E250,158.4,Pass,5,Pass,480.6,No,Pass,Pass
CHS-00003,11,2025-01-01 18:20:00,96.7,Pass,85.65,Pass,0.414,Grade C,Warning,HSLA-420,185.4,Pass,7,Warning,543.8,No,Pass,Warning
CHS-00003,12,2025-01-01 18:30:00,99.7,Pass,82.58,Warning,0.204,Grade B,Pass,IS2062-E250,118.2,Pass,5,Pass,435.1,No,Fail,Warning
CHS-00003,13,2025-01-01 18:40:00,82.2,Warning,88.91,Fail,0.191,Grade A,Pass,HSLA-420,202.3,Pass,6,Warning,528.6,No,Pass,Warning
CHS-00003,14,2025-01-01 18:50:00,97.7,Pass,83.16,Pass,0.209,Grade B,Pass,HSLA-340,189.5,Pass,3,Pass,536.4,No,Pass,Pass
CHS-00003,15,2025-01-01 19:00:00,99.7,Pass,87.01,Pass,0.345,Grade B,Pass,IS2062-E250,120.2,Pass,3,Pass,462.2,No,Pass,Pass
CHS-00003,16,2025-01-01 19:10:00,99.4,Pass,84.11,Pass,0.217,Grade B,Pass,IS2062-E250,127.4,Pass,1,Pass,502.8,No,Pass,Pass
CHS-00003,17,2025-01-01 19:20:00,97.4,Pass,82.43,Warning,0.089,Grade A,Pass,HSLA-340,184.0,Pass,6,Warning,548.3,No,Pass,Warning
CHS-00003,18,2025-01-01 19:30:00,83.7,Warning,83.56,Pass,0.314,Grade B,Pass,HSLA-420,213.8,Pass,5,Pass,541.1,No,Pass,Pass
CHS-00003,19,2025-01-01 19:40:00,92.4,Pass,84.21,Pass,0.292,Grade B,Pass,E350,163.8,Pass,1,Pass,455.6,No,Pass,Pass
CHS-00003,20,2025-01-01 19:50:00,96.0,Pass,87.49,Pass,0.4,Grade B,Pass,HSLA-420,187.1,Pass,7,Warning,475.3,No,Pass,Pass
CHS-00003,21,2025-01-01 20:00:00,88.2,Pass,87.81,Warning,0.366,Grade B,Pass,E350,175.0,Pass,4,Pass,479.1,No,Pass,Pass
CHS-00003,22,2025-01-01 20:10:00,91.4,Pass,84.91,Pass,0.341,Grade B,Pass,HSLA-420,222.8,Pass,9,Fail,540.4,No,Pass,Warning
CHS-00003,25,2025-01-01 20:40:00,98.0,Pass,89.32,Fail,0.508,Grade C,Warning,IS2062-E250,138.4,Pass,0,Pass,503.0,No,Pass,Warning
CHS-00003,26,2025-01-01 20:50:00,83.8,Warning,85.73,Pass,0.146,Grade A,Pass,HSLA-340,176.8,Pass,8,Warning,482.0,No,Pass,Warning
CHS-00003,27,2025-01-01 21:00:00,85.9,Pass,87.32,Pass,0.177,Grade A,Pass,IS2062-E250,155.2,Pass,5,Pass,549.0,No,Pass,Pass
CHS-00003,28,2025-01-01 21:10:00,80.7,Warning,87.35,Pass,0.127,Grade A,Pass,IS2062-E250,135.9,Pass,3,Pass,521.9,No,Pass,Pass
CHS-00003,29,2025-01-01 21:20:00,93.0,Pass,87.9,Warning,0.264,Grade B,Pass,HSLA-340,202.2,Pass,8,Warning,540.3,No,Pass,Warning
CHS-00003,30,2025-01-01 21:30:00,80.5,Warning,84.45,Pass,0.275,Grade B,Pass,IS2062-E250,127.9,Pass,2,Pass,458.2,No,Pass,Pass
CHS-00003,31,2025-01-01 21:40:00,77.9,Fail,82.22,Warning,0.077,Grade A,Pass,HSLA-340,206.9,Pass,5,Pass,479.5,No,Pass,Warning
CHS-00003,32,2025-01-01 21:50:00,90.1,Pass,86.97,Pass,0.24,Grade B,Pass,E350,168.8,Pass,0,Pass,454.0,No,Pass,Pass
CHS-00003,33,2025-01-01 22:00:00,94.7,Pass,88.11,Warning,0.399,Grade B,Pass,IS2062-E250,141.6,Pass,3,Pass,536.8,No,Pass,Pass
CHS-00003,34,2025-01-01 22:10:00,96.8,Pass,80.11,Fail,0.098,Grade A,Pass,HSLA-420,215.6,Pass,1,Pass,514.9,No,Pass,Warning
CHS-00003,35,2025-01-01 22:20:00,77.2,Fail,84.52,Pass,0.112,Grade A,Pass,HSLA-420,207.1,Pass,2,Pass,493.8,No,Pass,Warning
CHS-00003,36,2025-01-01 22:30:00,84.6,Warning,83.38,Pass,0.122,Grade A,Pass,E350,184.4,Pass,3,Pass,404.9,Yes,Fail,Warning
CHS-00003,38,2025-01-01 22:50:00,76.4,Fail,84.25,Pass,0.217,Grade B,Pass,E350,161.8,Pass,4,Pass,430.8,No,Fail,Fail
CHS-00003,39,2025-01-01 23:00:00,94.4,Pass,87.97,Warning,0.38,Grade B,Pass,IS2062-E250,133.5,Pass,0,Pass,447.2,No,Fail,Warning
CHS-00003,42,2025-01-01 23:30:00,99.1,Pass,83.03,Pass,0.208,Grade B,Pass,IS2062-E250,157.9,Pass,1,Pass,546.1,No,Pass,Pass
CHS-00003,43,2025-01-01 23:40:00,92.3,Pass,83.89,Pass,0.22,Grade B,Pass,E350,169.8,Pass,12,Fail,533.8,No,Pass,Warning
CHS-00003,44,2025-01-01 23:50:00,94.0,Pass,86.65,Pass,0.399,Grade B,Pass,E350,158.1,Pass,1,Pass,485.3,No,Pass,Pass
CHS-00003,46,2025-01-02 00:10:00,99.3,Pass,85.9,Pass,0.081,Grade A,Pass,E350,164.8,Pass,10,Fail,494.3,No,Pass,Warning
CHS-00003,47,2025-01-02 00:20:00,94.0,Pass,82.84,Warning,0.075,Grade A,Pass,HSLA-420,224.0,Pass,3,Pass,429.7,Yes,Fail,Warning
CHS-00003,49,2025-01-02 00:40:00,87.7,Pass,83.9,Pass,0.116,Grade A,Pass,IS2062-E250,124.5,Pass,1,Pass,414.9,No,Fail,Warning
CHS-00003,50,2025-01-02 00:50:00,97.5,Pass,87.44,Pass,0.252,Grade B,Pass,HSLA-340,186.1,Pass,0,Pass,436.5,Yes,Fail,Warning
CHS-00004,1,2025-01-02 01:00:00,95.4,Pass,87.9,Warning,0.129,Grade A,Pass,IS2062-E250,127.6,Pass,4,Pass,467.9,No,Pass,Pass
CHS-00004,2,2025-01-02 01:10:00,94.9,Pass,85.66,Pass,0.338,Grade B,Pass,HSLA-340,201.1,Pass,5,Pass,543.9,No,Pass,Pass
CHS-00004,4,2025-01-02 01:30:00,95.6,Pass,82.84,Warning,0.11,Grade A,Pass,E350,189.6,Pass,4,Pass,489.2,No,Pass,Pass
CHS-00004,9,2025-01-02 02:20:00,100.0,Pass,83.75,Pass,0.205,Grade B,Pass,E350,163.6,Pass,3,Pass,530.7,No,Pass,Pass
CHS-00004,10,2025-01-02 02:30:00,93.5,Pass,84.96,Pass,0.25,Grade B,Pass,E350,157.7,Pass,4,Pass,498.5,No,Pass,Pass
CHS-00004,11,2025-01-02 02:40:00,88.4,Pass,85.34,Pass,0.086,Grade A,Pass,HSLA-340,174.2,Pass,4,Pass,464.3,No,Pass,Pass
CHS-00004,12,2025-01-02 02:50:00,94.3,Pass,83.07,Pass,0.309,Grade B,Pass,IS2062-E250,143.0,Pass,3,Pass,530.4,No,Pass,Pass
CHS-00004,13,2025-01-02 03:00:00,88.1,Pass,89.39,Fail,0.375,Grade B,Pass,HSLA-340,175.2,Pass,4,Pass,543.6,No,Pass,Warning
CHS-00004,15,2025-01-02 03:20:00,84.6,Warning,87.78,Warning,0.148,Grade A,Pass,IS2062-E250,125.6,Pass,1,Pass,540.6,No,Pass,Warning
CHS-00004,16,2025-01-02 03:30:00,89.0,Pass,84.23,Pass,0.366,Grade B,Pass,E350,154.1,Pass,3,Pass,543.0,No,Pass,Pass
CHS-00004,17,2025-01-02 03:40:00,91.6,Pass,84.03,Pass,0.276,Grade B,Pass,IS2062-E250,140.0,Pass,4,Pass,486.2,No,Pass,Pass
CHS-00004,18,2025-01-02 03:50:00,76.2,Fail,83.45,Pass,0.189,Grade A,Pass,HSLA-420,185.1,Pass,1,Pass,462.9,No,Pass,Warning
CHS-00004,19,2025-01-02 04:00:00,97.6,Pass,84.48,Pass,0.122,Grade A,Pass,HSLA-340,188.4,Pass,6,Warning,487.3,No,Pass,Pass
CHS-00004,21,2025-01-02 04:20:00,86.4,Pass,85.31,Pass,0.16,Grade A,Pass,IS2062-E250,144.1,Pass,2,Pass,530.3,No,Pass,Pass
CHS-00004,23,2025-01-02 04:40:00,81.6,Warning,83.12,Pass,0.296,Grade B,Pass,E350,187.9,Pass,3,Pass,458.3,No,Pass,Pass
CHS-00004,24,2025-01-02 04:50:00,90.6,Pass,87.19,Pass,0.35,Grade B,Pass,HSLA-340,185.3,Pass,5,Pass,520.4,No,Pass,Pass
CHS-00004,26,2025-01-02 05:10:00,80.9,Warning,89.18,Fail,0.533,Grade C,Warning,IS2062-E250,137.6,Pass,2,Pass,532.6,No,Pass,Warning
CHS-00004,27,2025-01-02 05:20:00,89.2,Pass,84.38,Pass,0.064,Grade A,Pass,IS2062-E250,143.8,Pass,1,Pass,494.7,No,Pass,Pass
CHS-00004,28,2025-01-02 05:30:00,84.6,Warning,86.44,Pass,0.35,Grade B,Pass,IS2062-E250,144.9,Pass,2,Pass,465.0,No,Pass,Pass
CHS-00004,29,2025-01-02 05:40:00,87.8,Pass,86.62,Pass,0.363,Grade B,Pass,IS2062-E250,129.6,Pass,1,Pass,491.9,No,Pass,Pass
CHS-00004,30,2025-01-02 05:50:00,86.8,Pass,88.81,Fail,0.236,Grade B,Pass,HSLA-340,191.3,Pass,3,Pass,548.2,No,Pass,Warning
CHS-00004,32,2025-01-02 06:10:00,81.6,Warning,86.13,Pass,0.165,Grade A,Pass,HSLA-420,194.2,Pass,10,Fail,539.0,No,Pass,Warning
CHS-00004,33,2025-01-02 06:20:00,99.2,Pass,85.39,Pass,0.518,Grade C,Warning,E350,181.0,Pass,5,Pass,488.5,No,Pass,Pass
CHS-00004,34,2025-01-02 06:30:00,95.7,Pass,84.67,Pass,0.168,Grade A,Pass,HSLA-420,217.2,Pass,2,Pass,528.6,No,Pass,Pass
CHS-00004,35,2025-01-02 06:40:00,84.3,Warning,84.05,Pass,0.279,Grade B,Pass,E350,172.9,Pass,8,Warning,513.3,No,Pass,Warning
CHS-00004,36,2025-01-02 06:50:00,92.3,Pass,84.39,Pass,0.54,Grade C,Warning,E350,167.7,Pass,1,Pass,534.9,No,Pass,Pass
CHS-00004,37,2025-01-02 07:00:00,83.1,Warning,83.85,Pass,0.254,Grade B,Pass,E350,176.4,Pass,5,Pass,503.3,No,Pass,Pass
CHS-00004,38,2025-01-02 07:10:00,92.1,Pass,88.31,Warning,0.535,Grade C,Warning,HSLA-420,192.6,Pass,3,Pass,549.0,No,Pass,Warning
CHS-00004,39,2025-01-02 07:20:00,97.8,Pass,81.67,Fail,0.268,Grade B,Pass,HSLA-340,202.7,Pass,3,Pass,516.8,No,Pass,Warning
CHS-00004,40,2025-01-02 07:30:00,97.8,Pass,86.63,Pass,0.345,Grade B,Pass,HSLA-340,206.1,Pass,2,Pass,493.4,No,Pass,Pass
CHS-00004,41,2025-01-02 07:40:00,99.0,Pass,82.82,Warning,0.286,Grade B,Pass,IS2062-E250,117.2,Pass,5,Pass,547.0,No,Pass,Pass
CHS-00004,42,2025-01-02 07:50:00,84.8,Warning,87.16,Pass,0.347,Grade B,Pass,IS2062-E250,131.4,Pass,2,Pass,509.9,No,Pass,Pass
CHS-00004,43,2025-01-02 08:00:00,95.6,Pass,81.0,Fail,0.225,Grade B,Pass,HSLA-420,185.3,Pass,3,Pass,483.2,No,Pass,Warning
CHS-00004,44,2025-01-02 08:10:00,93.9,Pass,87.16,Pass,0.286,Grade B,Pass,HSLA-340,209.9,Pass,5,Pass,451.5,No,Pass,Pass
CHS-00004,45,2025-01-02 08:20:00,91.8,Pass,82.8,Warning,0.304,Grade B,Pass,IS2062-E250,155.5,Pass,4,Pass,490.5,No,Pass,Pass
CHS-00004,47,2025-01-02 08:40:00,93.0,Pass,83.18,Pass,0.243,Grade B,Pass,HSLA-420,224.6,Pass,3,Pass,469.7,No,Pass,Pass
CHS-00004,48,2025-01-02 08:50:00,99.5,Pass,85.24,Pass,0.58,Reject,Fail,HSLA-340,194.0,Pass,2,Pass,495.5,No,Pass,Warning
CHS-00004,49,2025-01-02 09:00:00,93.7,Pass,86.06,Pass,0.051,Grade A,Pass,HSLA-340,180.0,Pass,12,Fail,472.2,No,Pass,Warning
CHS-00004,50,2025-01-02 09:10:00,92.2,Pass,85.39,Pass,0.275,Grade B,Pass,HSLA-420,199.5,Pass,3,Pass,546.5,No,Pass,Pass
CHS-00005,1,2025-01-02 09:20:00,94.7,Pass,84.25,Pass,0.274,Grade B,Pass,E350,172.7,Pass,6,Warning,542.9,No,Pass,Pass
CHS-00005,2,2025-01-02 09:30:00,95.8,Pass,84.75,Pass,0.138,Grade A,Pass,HSLA-340,203.5,Pass,2,Pass,523.0,No,Pass,Pass
CHS-00005,3,2025-01-02 09:40:00,92.8,Pass,83.87,Pass,0.11,Grade A,Pass,E350,183.7,Pass,5,Pass,511.5,No,Pass,Pass
CHS-00005,4,2025-01-02 09:50:00,75.1,Fail,86.22,Pass,0.5,Grade C,Warning,HSLA-340,206.0,Pass,9,Fail,527.4,No,Pass,Fail
CHS-00005,5,2025-01-02 10:00:00,89.9,Pass,81.64,Fail,0.277,Grade B,Pass,E350,184.9,Pass,5,Pass,413.8,No,Fail,Fail
CHS-00005,6,2025-01-02 10:10:00,94.9,Pass,86.23,Pass,0.13,Grade A,Pass,HSLA-340,188.5,Pass,1,Pass,461.4,No,Pass,Pass
CHS-00005,7,2025-01-02 10:20:00,85.9,Pass,84.84,Pass,0.147,Grade A,Pass,E350,166.8,Pass,2,Pass,517.0,No,Pass,Pass
CHS-00005,8,2025-01-02 10:30:00,86.4,Pass,85.57,Pass,0.223,Grade B,Pass,HSLA-340,204.7,Pass,7,Warning,528.2,No,Pass,Pass
CHS-00005,10,2025-01-02 10:50:00,89.1,Pass,83.08,Pass,0.371,Grade B,Pass,HSLA-340,182.8,Pass,4,Pass,533.0,No,Pass,Pass
CHS-00005,11,2025-01-02 11:00:00,85.7,Pass,83.45,Pass,0.204,Grade B,Pass,HSLA-340,205.8,Pass,3,Pass,547.8,No,Pass,Pass
CHS-00005,12,2025-01-02 11:10:00,95.5,Pass,80.6,Fail,0.197,Grade A,Pass,HSLA-420,218.5,Pass,5,Pass,513.3,No,Pass,Warning
CHS-00005,13,2025-01-02 11:20:00,92.2,Pass,87.45,Pass,0.179,Grade A,Pass,HSLA-340,188.1,Pass,1,Pass,536.6,No,Pass,Pass
CHS-00005,15,2025-01-02 11:40:00,85.9,Pass,86.06,Pass,0.164,Grade A,Pass,E350,178.9,Pass,4,Pass,545.4,No,Pass,Pass
CHS-00005,16,2025-01-02 11:50:00,96.7,Pass,85.22,Pass,0.353,Grade B,Pass,HSLA-340,174.3,Pass,1,Pass,470.4,No,Pass,Pass
CHS-00005,17,2025-01-02 12:00:00,98.7,Pass,86.92,Pass,0.169,Grade A,Pass,IS2062-E250,132.8,Pass,3,Pass,508.4,No,Pass,Pass
CHS-00005,18,2025-01-02 12:10:00,99.5,Pass,81.24,Fail,0.384,Grade B,Pass,IS2062-E250,155.8,Pass,8,Warning,546.0,No,Pass,Warning
CHS-00005,20,2025-01-02 12:30:00,89.2,Pass,87.15,Pass,0.303,Grade B,Pass,HSLA-420,208.5,Pass,2,Pass,531.2,No,Pass,Pass
CHS-00005,21,2025-01-02 12:40:00,89.4,Pass,85.14,Pass,0.294,Grade B,Pass,HSLA-420,223.0,Pass,8,Warning,537.5,No,Pass,Pass
CHS-00005,22,2025-01-02 12:50:00,89.5,Pass,83.93,Pass,0.226,Grade B,Pass,HSLA-340,206.8,Pass,2,Pass,482.6,No,Pass,Pass
CHS-00005,23,2025-01-02 13:00:00,81.9,Warning,87.9,Warning,0.272,Grade B,Pass,HSLA-420,216.8,Pass,1,Pass,542.8,No,Pass,Warning
CHS-00005,25,2025-01-02 13:20:00,87.6,Pass,85.48,Pass,0.32,Grade B,Pass,HSLA-420,201.1,Pass,1,Pass,534.8,No,Pass,Pass
CHS-00005,26,2025-01-02 13:30:00,92.8,Pass,86.8,Pass,0.439,Grade C,Warning,HSLA-420,222.3,Pass,7,Warning,460.1,No,Pass,Warning
CHS-00005,27,2025-01-02 13:40:00,96.6,Pass,84.32,Pass,0.099,Grade A,Pass,IS2062-E250,118.5,Pass,4,Pass,451.5,No,Pass,Pass
CHS-00005,28,2025-01-02 13:50:00,94.5,Pass,84.66,Pass,0.248,Grade B,Pass,HSLA-420,188.7,Pass,3,Pass,531.6,No,Pass,Pass
CHS-00005,29,2025-01-02 14:00:00,91.2,Pass,85.65,Pass,0.416,Grade C,Warning,HSLA-340,207.8,Pass,6,Warning,523.2,No,Pass,Warning
CHS-00005,30,2025-01-02 14:10:00,97.5,Pass,85.23,Pass,0.303,Grade B,Pass,IS2062-E250,152.5,Pass,12,Fail,541.0,No,Pass,Warning
CHS-00005,31,2025-01-02 14:20:00,90.3,Pass,87.01,Pass,0.117,Grade A,Pass,HSLA-420,220.0,Pass,6,Warning,515.2,No,Pass,Pass
CHS-00005,34,2025-01-02 14:50:00,98.5,Pass,86.85,Pass,0.35,Grade B,Pass,HSLA-420,207.7,Pass,3,Pass,549.0,No,Pass,Pass
CHS-00005,35,2025-01-02 15:00:00,80.5,Warning,85.64,Pass,0.092,Grade A,Pass,HSLA-420,188.1,Pass,0,Pass,412.0,Yes,Fail,Warning
CHS-00005,37,2025-01-02 15:20:00,92.0,Pass,84.04,Pass,0.288,Grade B,Pass,E350,188.8,Pass,2,Pass,536.3,No,Pass,Pass
CHS-00005,38,2025-01-02 15:30:00,83.4,Warning,89.27,Fail,0.324,Grade B,Pass,HSLA-420,189.3,Pass,8,Warning,500.9,No,Pass,Warning
CHS-00005,39,2025-01-02 15:40:00,94.4,Pass,84.33,Pass,0.337,Grade B,Pass,HSLA-420,187.4,Pass,8,Warning,491.3,No,Pass,Pass
CHS-00005,40,2025-01-02 15:50:00,81.1,Warning,82.01,Warning,0.087,Grade A,Pass,E350,187.7,Pass,2,Pass,452.8,No,Pass,Warning
CHS-00005,41,2025-01-02 16:00:00,83.5,Warning,83.94,Pass,0.421,Grade C,Warning,E350,164.9,Pass,7,Warning,544.0,No,Pass,Warning
CHS-00005,42,2025-01-02 16:10:00,98.7,Pass,83.41,Pass,0.37,Grade B,Pass,E350,158.3,Pass,1,Pass,486.2,No,Pass,Pass
CHS-00005,43,2025-01-02 16:20:00,79.0,Fail,86.44,Pass,0.276,Grade B,Pass,E350,178.2,Pass,4,Pass,456.1,No,Pass,Warning
CHS-00005,46,2025-01-02 16:50:00,87.5,Pass,83.26,Pass,0.38,Grade B,Pass,HSLA-340,198.1,Pass,0,Pass,458.9,No,Pass,Pass
CHS-00005,47,2025-01-02 17:00:00,84.7,Warning,85.8,Pass,0.299,Grade B,Pass,IS2062-E250,140.4,Pass,4,Pass,503.0,No,Pass,Pass
CHS-00005,48,2025-01-02 17:10:00,98.0,Pass,85.35,Pass,0.395,Grade B,Pass,E350,159.9,Pass,4,Pass,528.4,No,Pass,Pass
CHS-00005,49,2025-01-02 17:20:00,92.9,Pass,84.98,Pass,0.53,Grade C,Warning,HSLA-340,175.3,Pass,1,Pass,401.5,No,Fail,Warning
CHS-00006,2,2025-01-02 17:50:00,89.0,Pass,86.87,Pass,0.222,Grade B,Pass,E350,153.4,Pass,2,Pass,505.2,No,Pass,Pass
CHS-00006,3,2025-01-02 18:00:00,96.0,Pass,88.32,Warning,0.239,Grade B,Pass,HSLA-340,204.8,Pass,5,Pass,471.9,No,Pass,Pass
CHS-00006,4,2025-01-02 18:10:00,90.8,Pass,86.49,Pass,0.23,Grade B,Pass,E350,159.7,Pass,1,Pass,540.2,No,Pass,Pass
CHS-00006,5,2025-01-02 18:20:00,92.1,Pass,83.54,Pass,0.505,Grade C,Warning,HSLA-420,209.9,Pass,11,Fail,514.3,No,Pass,Warning
CHS-00006,6,2025-01-02 18:30:00,91.5,Pass,83.21,Pass,0.267,Grade B,Pass,HSLA-420,187.4,Pass,6,Warning,515.1,No,Pass,Pass
CHS-00006,7,2025-01-02 18:40:00,95.9,Pass,89.63,Fail,0.533,Grade C,Warning,HSLA-340,201.7,Pass,5,Pass,478.9,No,Pass,Warning
CHS-00006,9,2025-01-02 19:00:00,94.7,Pass,87.4,Pass,0.302,Grade B,Pass,E350,167.5,Pass,8,Warning,465.4,No,Pass,Pass
CHS-00006,10,2025-01-02 19:10:00,99.3,Pass,87.14,Pass,0.108,Grade A,Pass,IS2062-E250,115.8,Pass,7,Warning,401.4,Yes,Fail,Warning
CHS-00006,11,2025-01-02 19:20:00,80.6,Warning,82.59,Warning,0.388,Grade B,Pass,HSLA-420,185.1,Pass,3,Pass,481.2,No,Pass,Warning
CHS-00006,12,2025-01-02 19:30:00,90.0,Pass,82.51,Warning,0.256,Grade B,Pass,E350,165.4,Pass,7,Warning,534.5,No,Pass,Warning
CHS-00006,13,2025-01-02 19:40:00,94.5,Pass,83.45,Pass,0.411,Grade C,Warning,E350,178.1,Pass,2,Pass,411.3,No,Fail,Warning
CHS-00006,14,2025-01-02 19:50:00,90.4,Pass,80.98,Fail,0.528,Grade C,Warning,HSLA-420,204.1,Pass,3,Pass,539.8,No,Pass,Warning
CHS-00006,15,2025-01-02 20:00:00,89.0,Pass,87.77,Warning,0.111,Grade A,Pass,IS2062-E250,155.1,Pass,3,Pass,543.7,No,Pass,Pass
CHS-00006,17,2025-01-02 20:20:00,95.5,Pass,85.77,Pass,0.367,Grade B,Pass,E350,181.0,Pass,0,Pass,502.1,No,Pass,Pass
CHS-00006,19,2025-01-02 20:40:00,95.9,Pass,85.91,Pass,0.287,Grade B,Pass,IS2062-E250,125.5,Pass,3,Pass,464.8,No,Pass,Pass
CHS-00006,20,2025-01-02 20:50:00,98.9,Pass,88.29,Warning,0.268,Grade B,Pass,HSLA-420,187.9,Pass,4,Pass,490.5,No,Pass,Pass
CHS-00006,21,2025-01-02 21:00:00,79.8,Fail,80.57,Fail,0.289,Grade B,Pass,HSLA-420,219.3,Pass,2,Pass,508.0,No,Pass,Fail
CHS-00006,22,2025-01-02 21:10:00,88.4,Pass,83.98,Pass,0.317,Grade B,Pass,HSLA-420,205.8,Pass,0,Pass,544.7,No,Pass,Pass
CHS-00006,23,2025-01-02 21:20:00,95.1,Pass,83.41,Pass,0.545,Grade C,Warning,IS2062-E250,133.3,Pass,1,Pass,526.1,No,Pass,Pass
CHS-00006,24,2025-01-02 21:30:00,81.0,Warning,89.43,Fail,0.285,Grade B,Pass,HSLA-420,216.6,Pass,0,Pass,476.0,No,Pass,Warning
CHS-00006,25,2025-01-02 21:40:00,98.0,Pass,86.93,Pass,0.443,Grade C,Warning,IS2062-E250,122.2,Pass,6,Warning,527.7,No,Pass,Warning
CHS-00006,26,2025-01-02 21:50:00,88.5,Pass,87.64,Warning,0.381,Grade B,Pass,HSLA-340,208.7,Pass,2,Pass,460.3,No,Pass,Pass
CHS-00006,27,2025-01-02 22:00:00,80.7,Warning,86.36,Pass,0.252,Grade B,Pass,HSLA-340,209.0,Pass,4,Pass,452.3,No,Pass,Pass
CHS-00006,30,2025-01-02 22:30:00,90.6,Pass,83.07,Pass,0.484,Grade C,Warning,HSLA-340,199.4,Pass,6,Warning,500.1,No,Pass,Warning
CHS-00006,31,2025-01-02 22:40:00,98.3,Pass,81.85,Fail,0.315,Grade B,Pass,HSLA-420,221.6,Pass,7,Warning,462.6,No,Pass,Warning
CHS-00006,32,2025-01-02 22:50:00,76.5,Fail,83.08,Pass,0.569,Reject,Fail,E350,187.3,Pass,6,Warning,471.7,No,Pass,Fail
CHS-00006,33,2025-01-02 23:00:00,97.2,Pass,89.55,Fail,0.158,Grade A,Pass,HSLA-420,213.7,Pass,1,Pass,524.4,No,Pass,Warning
CHS-00006,34,2025-01-02 23:10:00,83.4,Warning,84.48,Pass,0.309,Grade B,Pass,IS2062-E250,159.9,Pass,4,Pass,530.5,No,Pass,Pass
CHS-00006,35,2025-01-02 23:20:00,91.8,Pass,86.73,Pass,0.142,Grade A,Pass,HSLA-420,209.1,Pass,5,Pass,469.9,No,Pass,Pass
CHS-00006,36,2025-01-02 23:30:00,90.2,Pass,83.14,Pass,0.495,Grade C,Warning,HSLA-420,206.6,Pass,2,Pass,526.3,No,Pass,Pass
CHS-00006,37,2025-01-02 23:40:00,85.4,Pass,84.3,Pass,0.161,Grade A,Pass,IS2062-E250,142.2,Pass,0,Pass,491.4,No,Pass,Pass
CHS-00006,38,2025-01-02 23:50:00,97.6,Pass,83.2,Pass,0.5,Grade C,Warning,HSLA-340,201.3,Pass,4,Pass,522.5,No,Pass,Pass
CHS-00006,39,2025-01-03 00:00:00,83.0,Warning,84.77,Pass,0.509,Grade C,Warning,HSLA-420,188.3,Pass,8,Warning,427.3,No,Fail,Warning
CHS-00006,40,2025-01-03 00:10:00,94.7,Pass,85.74,Pass,0.07,Grade A,Pass,IS2062-E250,115.5,Pass,3,Pass,504.6,No,Pass,Pass
CHS-00006,42,2025-01-03 00:30:00,96.0,Pass,85.3,Pass,0.21,Grade B,Pass,IS2062-E250,138.5,Pass,0,Pass,455.4,No,Pass,Pass
CHS-00006,43,2025-01-03 00:40:00,95.5,Pass,87.12,Pass,0.08,Grade A,Pass,IS2062-E250,125.7,Pass,3,Pass,512.3,No,Pass,Pass
CHS-00006,44,2025-01-03 00:50:00,96.5,Pass,86.09,Pass,0.075,Grade A,Pass,HSLA-420,215.1,Pass,8,Warning,408.6,Yes,Fail,Warning
CHS-00006,46,2025-01-03 01:10:00,82.0,Warning,83.0,Pass,0.055,Grade A,Pass,IS2062-E250,117.4,Pass,0,Pass,497.8,No,Pass,Pass
CHS-00006,47,2025-01-03 01:20:00,88.7,Pass,82.61,Warning,0.397,Grade B,Pass,E350,156.1,Pass,10,Fail,460.4,No,Pass,Warning
CHS-00006,48,2025-01-03 01:30:00,99.9,Pass,81.48,Fail,0.456,Grade C,Warning,E350,184.4,Pass,4,Pass,511.0,No,Pass,Warning
CHS-00006,49,2025-01-03 01:40:00,92.0,Pass,83.25,Pass,0.101,Grade A,Pass,HSLA-340,191.6,Pass,7,Warning,541.3,No,Pass,Pass
CHS-00006,50,2025-01-03 01:50:00,92.5,Pass,82.34,Warning,0.299,Grade B,Pass,IS2062-E250,136.6,Pass,4,Pass,443.5,Yes,Fail,Warning
CHS-00007,1,2025-01-03 02:00:00,81.1,Warning,85.86,Pass,0.079,Grade A,Pass,HSLA-340,171.7,Pass,4,Pass,531.7,No,Pass,Pass
CHS-00007,2,2025-01-03 02:10:00,100.0,Pass,89.24,Fail,0.133,Grade A,Pass,HSLA-420,210.2,Pass,4,Pass,535.8,No,Pass,Warning
CHS-00007,3,2025-01-03 02:20:00,91.0,Pass,84.71,Pass,0.499,Grade C,Warning,E350,162.3,Pass,10,Fail,418.4,No,Fail,Fail
CHS-00007,4,2025-01-03 02:30:00,84.3,Warning,88.61,Fail,0.34,Grade B,Pass,HSLA-340,199.1,Pass,8,Warning,463.8,No,Pass,Warning
CHS-00007,5,2025-01-03 02:40:00,80.6,Warning,85.99,Pass,0.119,Grade A,Pass,IS2062-E250,159.1,Pass,12,Fail,451.0,No,Pass,Warning
CHS-00007,6,2025-01-03 02:50:00,79.5,Fail,86.28,Pass,0.109,Grade A,Pass,IS2062-E250,119.0,Pass,0,Pass,507.3,No,Pass,Warning
CHS-00007,7,2025-01-03 03:00:00,91.3,Pass,87.0,Pass,0.315,Grade B,Pass,HSLA-340,173.3,Pass,2,Pass,483.0,No,Pass,Pass
CHS-00007,8,2025-01-03 03:10:00,82.9,Warning,86.96,Pass,0.084,Grade A,Pass,IS2062-E250,120.5,Pass,5,Pass,497.8,No,Pass,Pass
CHS-00007,9,2025-01-03 03:20:00,91.6,Pass,82.7,Warning,0.092,Grade A,Pass,HSLA-340,194.0,Pass,2,Pass,482.9,No,Pass,Pass
CHS-00007,10,2025-01-03 03:30:00,94.5,Pass,82.19,Warning,0.597,Reject,Fail,HSLA-420,214.3,Pass,2,Pass,468.3,No,Pass,Warning
CHS-00007,12,2025-01-03 03:50:00,89.6,Pass,82.89,Warning,0.184,Grade A,Pass,HSLA-340,174.0,Pass,2,Pass,525.9,No,Pass,Pass
CHS-00007,13,2025-01-03 04:00:00,86.4,Pass,85.73,Pass,0.414,Grade C,Warning,HSLA-420,214.5,Pass,7,Warning,468.8,No,Pass,Warning
CHS-00007,14,2025-01-03 04:10:00,95.3,Pass,86.93,Pass,0.189,Grade A,Pass,E350,175.4,Pass,4,Pass,524.4,No,Pass,Pass
CHS-00007,15,2025-01-03 04:20:00,77.5,Fail,84.63,Pass,0.194,Grade A,Pass,IS2062-E250,138.6,Pass,6,Warning,521.7,No,Pass,Warning
CHS-00007,17,2025-01-03 04:40:00,92.8,Pass,82.36,Warning,0.511,Grade C,Warning,HSLA-420,219.6,Pass,4,Pass,527.6,No,Pass,Warning
CHS-00007,18,2025-01-03 04:50:00,78.8,Fail,83.91,Pass,0.215,Grade B,Pass,HSLA-420,185.0,Pass,5,Pass,465.1,No,Pass,Warning
CHS-00007,19,2025-01-03 05:00:00,85.7,Pass,83.71,Pass,0.529,Grade C,Warning,E350,163.8,Pass,1,Pass,514.6,No,Pass,Pass
CHS-00007,21,2025-01-03 05:20:00,75.3,Fail,88.28,Warning,0.304,Grade B,Pass,HSLA-340,175.3,Pass,4,Pass,512.3,No,Pass,Warning
CHS-00007,22,2025-01-03 05:30:00,89.8,Pass,85.44,Pass,0.246,Grade B,Pass,HSLA-340,200.6,Pass,3,Pass,452.9,No,Pass,Pass
CHS-00007,24,2025-01-03 05:50:00,86.0,Pass,86.86,Pass,0.264,Grade B,Pass,IS2062-E250,154.9,Pass,0,Pass,487.0,No,Pass,Pass
CHS-00007,25,2025-01-03 06:00:00,82.2,Warning,85.21,Pass,0.349,Grade B,Pass,E350,171.8,Pass,0,Pass,520.5,No,Pass,Pass
CHS-00007,26,2025-01-03 06:10:00,96.1,Pass,86.38,Pass,0.164,Grade A,Pass,HSLA-420,224.8,Pass,5,Pass,538.9,No,Pass,Pass
CHS-00007,27,2025-01-03 06:20:00,90.2,Pass,87.12,Pass,0.138,Grade A,Pass,HSLA-420,200.7,Pass,5,Pass,482.6,No,Pass,Pass
CHS-00007,28,2025-01-03 06:30:00,87.6,Pass,83.58,Pass,0.279,Grade B,Pass,HSLA-420,209.5,Pass,6,Warning,517.1,No,Pass,Pass
CHS-00007,29,2025-01-03 06:40:00,90.3,Pass,81.71,Fail,0.365,Grade B,Pass,HSLA-340,189.4,Pass,10,Fail,481.7,No,Pass,Fail
CHS-00007,30,2025-01-03 06:50:00,79.7,Fail,84.26,Pass,0.388,Grade B,Pass,HSLA-340,178.7,Pass,11,Fail,467.3,No,Pass,Fail
CHS-00007,31,2025-01-03 07:00:00,96.0,Pass,82.79,Warning,0.371,Grade B,Pass,E350,182.9,Pass,3,Pass,454.4,No,Pass,Pass
CHS-00007,32,2025-01-03 07:10:00,88.3,Pass,86.93,Pass,0.144,Grade A,Pass,E350,162.0,Pass,2,Pass,548.2,No,Pass,Pass
CHS-00007,34,2025-01-03 07:30:00,92.6,Pass,84.23,Pass,0.336,Grade B,Pass,HSLA-340,176.6,Pass,11,Fail,478.6,No,Pass,Warning
CHS-00007,35,2025-01-03 07:40:00,88.7,Pass,85.76,Pass,0.463,Grade C,Warning,HSLA-340,175.1,Pass,1,Pass,548.3,No,Pass,Pass
CHS-00007,36,2025-01-03 07:50:00,86.5,Pass,89.58,Fail,0.491,Grade C,Warning,HSLA-340,198.2,Pass,2,Pass,478.7,No,Pass,Warning
CHS-00007,38,2025-01-03 08:10:00,96.7,Pass,82.25,Warning,0.45,Grade C,Warning,E350,180.6,Pass,0,Pass,447.5,No,Fail,Warning
CHS-00007,39,2025-01-03 08:20:00,87.1,Pass,83.87,Pass,0.419,Grade C,Warning,E350,177.8,Pass,4,Pass,544.2,No,Pass,Pass
CHS-00007,40,2025-01-03 08:30:00,95.3,Pass,84.61,Pass,0.236,Grade B,Pass,E350,162.1,Pass,4,Pass,524.4,No,Pass,Pass
CHS-00007,41,2025-01-03 08:40:00,95.6,Pass,83.75,Pass,0.13,Grade A,Pass,HSLA-420,200.4,Pass,4,Pass,549.6,No,Pass,Pass
CHS-00007,42,2025-01-03 08:50:00,90.8,Pass,83.87,Pass,0.113,Grade A,Pass,HSLA-340,189.5,Pass,4,Pass,549.2,No,Pass,Pass
CHS-00007,43,2025-01-03 09:00:00,98.4,Pass,88.41,Warning,0.496,Grade C,Warning,HSLA-420,222.5,Pass,5,Pass,539.1,No,Pass,Warning
CHS-00007,44,2025-01-03 09:10:00,95.5,Pass,85.96,Pass,0.311,Grade B,Pass,HSLA-420,189.3,Pass,1,Pass,533.3,No,Pass,Pass
CHS-00007,45,2025-01-03 09:20:00,91.5,Pass,84.55,Pass,0.318,Grade B,Pass,HSLA-420,219.6,Pass,8,Warning,453.4,No,Pass,Pass
CHS-00007,46,2025-01-03 09:30:00,99.0,Pass,86.79,Pass,0.262,Grade B,Pass,HSLA-420,193.9,Pass,2,Pass,526.4,No,Pass,Pass
CHS-00007,47,2025-01-03 09:40:00,84.0,Warning,83.67,Pass,0.312,Grade B,Pass,IS2062-E250,142.2,Pass,3,Pass,507.4,No,Pass,Pass
CHS-00007,48,2025-01-03 09:50:00,93.5,Pass,81.23,Fail,0.363,Grade B,Pass,IS2062-E250,124.8,Pass,4,Pass,526.4,No,Pass,Warning
CHS-00007,49,2025-01-03 10:00:00,83.4,Warning,82.56,Warning,0.285,Grade B,Pass,HSLA-340,178.8,Pass,8,Warning,433.5,Yes,Fail,Warning
CHS-00007,50,2025-01-03 10:10:00,96.6,Pass,88.05,Warning,0.176,Grade A,Pass,HSLA-340,198.0,Pass,1,Pass,530.1,No,Pass,Pass
CHS-00008,2,2025-01-03 10:30:00,89.2,Pass,83.95,Pass,0.091,Grade A,Pass,HSLA-420,206.0,Pass,7,Warning,537.3,No,Pass,Pass
CHS-00008,3,2025-01-03 10:40:00,78.1,Fail,85.97,Pass,0.232,Grade B,Pass,IS2062-E250,155.1,Pass,2,Pass,493.0,No,Pass,Warning
CHS-00008,4,2025-01-03 10:50:00,82.0,Warning,87.23,Pass,0.123,Grade A,Pass,E350,160.8,Pass,0,Pass,489.1,No,Pass,Pass
CHS-00008,5,2025-01-03 11:00:00,91.4,Pass,85.26,Pass,0.391,Grade B,Pass,E350,154.4,Pass,8,Warning,547.8,No,Pass,Pass
CHS-00008,6,2025-01-03 11:10:00,95.8,Pass,85.79,Pass,0.549,Grade C,Warning,HSLA-340,193.4,Pass,2,Pass,518.4,No,Pass,Pass
CHS-00008,7,2025-01-03 11:20:00,83.6,Warning,86.95,Pass,0.438,Grade C,Warning,HSLA-340,192.1,Pass,6,Warning,499.2,No,Pass,Warning
CHS-00008,9,2025-01-03 11:40:00,77.6,Fail,88.18,Warning,0.395,Grade B,Pass,E350,165.4,Pass,2,Pass,469.1,No,Pass,Warning
CHS-00008,10,2025-01-03 11:50:00,80.7,Warning,83.53,Pass,0.151,Grade A,Pass,E350,158.0,Pass,2,Pass,464.6,No,Pass,Pass
CHS-00008,11,2025-01-03 12:00:00,91.6,Pass,85.34,Pass,0.097,Grade A,Pass,IS2062-E250,155.0,Pass,9,Fail,454.2,No,Pass,Warning
CHS-00008,13,2025-01-03 12:20:00,95.3,Pass,86.03,Pass,0.294,Grade B,Pass,HSLA-420,219.7,Pass,3,Pass,516.5,No,Pass,Pass
CHS-00008,14,2025-01-03 12:30:00,97.0,Pass,83.71,Pass,0.164,Grade A,Pass,HSLA-420,219.5,Pass,7,Warning,500.6,No,Pass,Pass
CHS-00008,15,2025-01-03 12:40:00,98.3,Pass,85.91,Pass,0.163,Grade A,Pass,HSLA-420,185.9,Pass,5,Pass,508.2,No,Pass,Pass
CHS-00008,16,2025-01-03 12:50:00,82.9,Warning,81.25,Fail,0.271,Grade B,Pass,HSLA-420,193.4,Pass,0,Pass,514.3,No,Pass,Warning
CHS-00008,17,2025-01-03 13:00:00,99.6,Pass,86.86,Pass,0.29,Grade B,Pass,HSLA-340,206.1,Pass,5,Pass,523.1,No,Pass,Pass
CHS-00008,18,2025-01-03 13:10:00,89.6,Pass,87.48,Pass,0.337,Grade B,Pass,IS2062-E250,141.7,Pass,2,Pass,528.2,No,Pass,Pass
CHS-00008,19,2025-01-03 13:20:00,93.0,Pass,83.49,Pass,0.25,Grade B,Pass,IS2062-E250,121.2,Pass,3,Pass,470.7,No,Pass,Pass
CHS-00008,20,2025-01-03 13:30:00,99.9,Pass,86.46,Pass,0.448,Grade C,Warning,E350,168.1,Pass,1,Pass,503.4,No,Pass,Pass
CHS-00008,21,2025-01-03 13:40:00,95.1,Pass,88.33,Warning,0.509,Grade C,Warning,IS2062-E250,157.0,Pass,5,Pass,482.6,No,Pass,Warning
CHS-00008,22,2025-01-03 13:50:00,93.6,Pass,85.93,Pass,0.109,Grade A,Pass,E350,169.0,Pass,7,Warning,471.2,No,Pass,Pass
CHS-00008,23,2025-01-03 14:00:00,95.2,Pass,84.28,Pass,0.502,Grade C,Warning,HSLA-420,193.0,Pass,2,Pass,454.5,No,Pass,Pass
CHS-00008,24,2025-01-03 14:10:00,89.6,Pass,86.35,Pass,0.165,Grade A,Pass,HSLA-420,211.1,Pass,5,Pass,477.4,No,Pass,Pass
CHS-00008,25,2025-01-03 14:20:00,97.2,Pass,87.22,Pass,0.175,Grade A,Pass,HSLA-340,183.6,Pass,1,Pass,497.4,No,Pass,Pass
CHS-00008,26,2025-01-03 14:30:00,83.0,Warning,86.84,Pass,0.512,Grade C,Warning,HSLA-420,215.5,Pass,4,Pass,546.6,No,Pass,Warning
CHS-00008,27,2025-01-03 14:40:00,89.4,Pass,83.55,Pass,0.399,Grade B,Pass,IS2062-E250,143.5,Pass,4,Pass,405.6,Yes,Fail,Warning
CHS-00008,29,2025-01-03 15:00:00,85.6,Pass,86.9,Pass,0.224,Grade B,Pass,HSLA-340,182.1,Pass,4,Pass,492.9,No,Pass,Pass
CHS-00008,32,2025-01-03 15:30:00,96.7,Pass,83.02,Pass,0.096,Grade A,Pass,HSLA-420,221.0,Pass,3,Pass,486.4,No,Pass,Pass
CHS-00008,33,2025-01-03 15:40:00,84.7,Warning,85.14,Pass,0.143,Grade A,Pass,IS2062-E250,155.4,Pass,1,Pass,441.7,Yes,Fail,Warning
CHS-00008,34,2025-01-03 15:50:00,91.1,Pass,83.19,Pass,0.342,Grade B,Pass,E350,184.6,Pass,3,Pass,460.0,No,Pass,Pass
CHS-00008,36,2025-01-03 16:10:00,95.8,Pass,86.36,Pass,0.252,Grade B,Pass,E350,156.8,Pass,0,Pass,416.8,Yes,Fail,Warning
CHS-00008,37,2025-01-03 16:20:00,98.1,Pass,85.93,Pass,0.069,Grade A,Pass,IS2062-E250,136.2,Pass,1,Pass,493.3,No,Pass,Pass
CHS-00008,39,2025-01-03 16:40:00,93.6,Pass,86.25,Pass,0.373,Grade B,Pass,HSLA-340,203.7,Pass,2,Pass,429.0,No,Fail,Warning
CHS-00008,40,2025-01-03 16:50:00,95.1,Pass,85.96,Pass,0.07,Grade A,Pass,IS2062-E250,138.8,Pass,1,Pass,470.7,No,Pass,Pass
CHS-00008,43,2025-01-03 17:20:00,96.4,Pass,85.01,Pass,0.303,Grade B,Pass,HSLA-420,224.1,Pass,3,Pass,519.9,No,Pass,Pass
CHS-00008,44,2025-01-03 17:30:00,99.4,Pass,85.22,Pass,0.222,Grade B,Pass,HSLA-420,191.1,Pass,9,Fail,526.0,No,Pass,Warning
CHS-00008,45,2025-01-03 17:40:00,85.8,Pass,83.06,Pass,0.37,Grade B,Pass,HSLA-340,200.0,Pass,6,Warning,483.1,No,Pass,Pass
CHS-00008,46,2025-01-03 17:50:00,82.5,Warning,86.22,Pass,0.146,Grade A,Pass,HSLA-420,203.2,Pass,2,Pass,544.4,No,Pass,Pass
CHS-00008,47,2025-01-03 18:00:00,98.4,Pass,88.42,Warning,0.295,Grade B,Pass,IS2062-E250,137.0,Pass,0,Pass,532.7,No,Pass,Pass
CHS-00008,48,2025-01-03 18:10:00,84.1,Warning,88.27,Warning,0.173,Grade A,Pass,IS2062-E250,142.7,Pass,6,Warning,457.7,No,Pass,Warning
CHS-00008,49,2025-01-03 18:20:00,87.8,Pass,87.75,Warning,0.054,Grade A,Pass,HSLA-420,209.4,Pass,12,Fail,537.9,No,Pass,Warning
CHS-00008,50,2025-01-03 18:30:00,99.4,Pass,83.46,Pass,0.097,Grade A,Pass,HSLA-420,201.5,Pass,8,Warning,507.1,No,Pass,Pass
CHS-00009,2,2025-01-03 18:50:00,80.9,Warning,84.15,Pass,0.335,Grade B,Pass,IS2062-E250,135.7,Pass,4,Pass,465.1,No,Pass,Pass
CHS-00009,3,2025-01-03 19:00:00,82.3,Warning,83.35,Pass,0.528,Grade C,Warning,IS2062-E250,118.5,Pass,12,Fail,452.9,No,Pass,Warning
CHS-00009,4,2025-01-03 19:10:00,93.5,Pass,85.59,Pass,0.082,Grade A,Pass,HSLA-340,202.1,Pass,2,Pass,410.2,Yes,Fail,Warning
CHS-00009,5,2025-01-03 19:20:00,93.8,Pass,86.1,Pass,0.148,Grade A,Pass,IS2062-E250,118.2,Pass,2,Pass,507.3,No,Pass,Pass
CHS-00009,6,2025-01-03 19:30:00,88.0,Pass,84.51,Pass,0.202,Grade B,Pass,E350,155.5,Pass,2,Pass,467.5,No,Pass,Pass
CHS-00009,7,2025-01-03 19:40:00,84.3,Warning,86.77,Pass,0.429,Grade C,Warning,IS2062-E250,116.9,Pass,2,Pass,522.5,No,Pass,Warning
CHS-00009,8,2025-01-03 19:50:00,99.6,Pass,88.99,Fail,0.482,Grade C,Warning,HSLA-420,186.8,Pass,5,Pass,462.1,No,Pass,Warning
CHS-00009,9,2025-01-03 20:00:00,95.3,Pass,87.43,Pass,0.414,Grade C,Warning,IS2062-E250,142.5,Pass,4,Pass,484.9,No,Pass,Pass
CHS-00009,10,2025-01-03 20:10:00,95.3,Pass,85.8,Pass,0.588,Reject,Fail,E350,185.7,Pass,4,Pass,484.2,No,Pass,Warning
CHS-00009,11,2025-01-03 20:20:00,95.7,Pass,88.21,Warning,0.373,Grade B,Pass,HSLA-340,206.7,Pass,4,Pass,477.2,No,Pass,Pass
CHS-00009,12,2025-01-03 20:30:00,93.7,Pass,82.06,Warning,0.439,Grade C,Warning,HSLA-340,194.7,Pass,2,Pass,469.0,No,Pass,Warning
CHS-00009,13,2025-01-03 20:40:00,77.7,Fail,88.61,Fail,0.119,Grade A,Pass,HSLA-340,195.6,Pass,8,Warning,516.7,No,Pass,Fail
CHS-00009,16,2025-01-03 21:10:00,84.3,Warning,84.91,Pass,0.447,Grade C,Warning,HSLA-420,210.8,Pass,8,Warning,544.9,No,Pass,Warning
CHS-00009,17,2025-01-03 21:20:00,86.3,Pass,85.72,Pass,0.49,Grade C,Warning,IS2062-E250,125.9,Pass,1,Pass,546.2,No,Pass,Pass
CHS-00009,18,2025-01-03 21:30:00,91.3,Pass,87.49,Pass,0.356,Grade B,Pass,IS2062-E250,138.4,Pass,0,Pass,532.0,No,Pass,Pass
CHS-00009,19,2025-01-03 21:40:00,99.9,Pass,85.79,Pass,0.321,Grade B,Pass,E350,157.9,Pass,5,Pass,445.5,No,Fail,Warning
CHS-00009,20,2025-01-03 21:50:00,88.3,Pass,87.25,Pass,0.448,Grade C,Warning,E350,187.7,Pass,2,Pass,461.7,No,Pass,Pass
CHS-00009,21,2025-01-03 22:00:00,84.2,Warning,83.1,Pass,0.358,Grade B,Pass,HSLA-340,176.0,Pass,4,Pass,516.5,No,Pass,Pass
CHS-00009,22,2025-01-03 22:10:00,84.0,Warning,84.71,Pass,0.359,Grade B,Pass,HSLA-340,192.6,Pass,9,Fail,490.0,No,Pass,Warning
CHS-00009,24,2025-01-03 22:30:00,81.9,Warning,87.97,Warning,0.079,Grade A,Pass,IS2062-E250,140.5,Pass,2,Pass,460.0,No,Pass,Warning
CHS-00009,25,2025-01-03 22:40:00,90.2,Pass,84.15,Pass,0.081,Grade A,Pass,IS2062-E250,117.5,Pass,1,Pass,516.5,No,Pass,Pass
CHS-00009,26,2025-01-03 22:50:00,85.8,Pass,84.08,Pass,0.397,Grade B,Pass,IS2062-E250,149.5,Pass,3,Pass,405.5,No,Fail,Warning
CHS-00009,27,2025-01-03 23:00:00,78.2,Fail,85.56,Pass,0.155,Grade A,Pass,E350,166.2,Pass,5,Pass,459.8,No,Pass,Warning
CHS-00009,28,2025-01-03 23:10:00,79.8,Fail,87.64,Warning,0.398,Grade B,Pass,HSLA-340,187.1,Pass,3,Pass,450.2,No,Pass,Warning
CHS-00009,29,2025-01-03 23:20:00,83.3,Warning,85.49,Pass,0.321,Grade B,Pass,IS2062-E250,140.5,Pass,3,Pass,456.5,No,Pass,Pass
CHS-00009,30,2025-01-03 23:30:00,97.9,Pass,87.19,Pass,0.171,Grade A,Pass,HSLA-340,179.0,Pass,8,Warning,535.2,No,Pass,Pass
CHS-00009,31,2025-01-03 23:40:00,95.6,Pass,87.47,Pass,0.185,Grade A,Pass,IS2062-E250,130.6,Pass,2,Pass,497.0,No,Pass,Pass
CHS-00009,32,2025-01-03 23:50:00,87.3,Pass,80.49,Fail,0.158,Grade A,Pass,HSLA-340,209.3,Pass,11,Fail,451.5,No,Pass,Fail
CHS-00009,33,2025-01-04 00:00:00,99.1,Pass,88.42,Warning,0.128,Grade A,Pass,HSLA-340,175.8,Pass,2,Pass,499.9,No,Pass,Pass
CHS-00009,34,2025-01-04 00:10:00,96.5,Pass,83.81,Pass,0.354,Grade B,Pass,IS2062-E250,149.5,Pass,9,Fail,525.7,No,Pass,Warning
CHS-00009,36,2025-01-04 00:30:00,97.8,Pass,88.94,Fail,0.332,Grade B,Pass,IS2062-E250,137.9,Pass,2,Pass,546.8,No,Pass,Warning
CHS-00009,38,2025-01-04 00:50:00,83.2,Warning,84.84,Pass,0.252,Grade B,Pass,HSLA-420,217.6,Pass,10,Fail,480.0,No,Pass,Warning
CHS-00009,39,2025-01-04 01:00:00,90.9,Pass,86.32,Pass,0.346,Grade B,Pass,IS2062-E250,131.7,Pass,0,Pass,525.9,No,Pass,Pass
CHS-00009,40,2025-01-04 01:10:00,99.7,Pass,80.92,Fail,0.288,Grade B,Pass,IS2062-E250,157.8,Pass,1,Pass,466.2,No,Pass,Warning
CHS-00009,41,2025-01-04 01:20:00,99.8,Pass,85.07,Pass,0.251,Grade B,Pass,E350,157.6,Pass,0,Pass,536.4,No,Pass,Pass
CHS-00009,42,2025-01-04 01:30:00,90.0,Pass,86.26,Pass,0.505,Grade C,Warning,E350,185.2,Pass,3,Pass,452.8,No,Pass,Pass
CHS-00009,43,2025-01-04 01:40:00,87.2,Pass,83.69,Pass,0.259,Grade B,Pass,HSLA-340,176.5,Pass,3,Pass,473.7,No,Pass,Pass
CHS-00009,44,2025-01-04 01:50:00,90.4,Pass,85.61,Pass,0.141,Grade A,Pass,HSLA-420,203.6,Pass,6,Warning,504.7,No,Pass,Pass
CHS-00009,45,2025-01-04 02:00:00,94.4,Pass,85.5,Pass,0.396,Grade B,Pass,HSLA-340,179.1,Pass,4,Pass,546.8,No,Pass,Pass
CHS-00009,46,2025-01-04 02:10:00,96.9,Pass,86.41,Pass,0.282,Grade B,Pass,IS2062-E250,130.5,Pass,0,Pass,491.2,No,Pass,Pass
CHS-00009,47,2025-01-04 02:20:00,92.9,Pass,84.5,Pass,0.253,Grade B,Pass,HSLA-340,188.5,Pass,0,Pass,513.3,No,Pass,Pass
CHS-00009,49,2025-01-04 02:40:00,92.7,Pass,89.4,Fail,0.501,Grade C,Warning,HSLA-340,190.7,Pass,6,Warning,475.6,No,Pass,Warning
CHS-00010,1,2025-01-04 03:00:00,94.9,Pass,82.6,Warning,0.379,Grade B,Pass,HSLA-420,206.8,Pass,3,Pass,506.8,No,Pass,Pass
CHS-00010,2,2025-01-04 03:10:00,82.6,Warning,83.11,Pass,0.346,Grade B,Pass,HSLA-340,173.2,Pass,2,Pass,409.1,No,Fail,Warning
CHS-00010,3,2025-01-04 03:20:00,83.6,Warning,87.81,Warning,0.547,Grade C,Warning,HSLA-420,185.7,Pass,11,Fail,425.1,No,Fail,Fail
CHS-00010,4,2025-01-04 03:30:00,95.3,Pass,86.35,Pass,0.338,Grade B,Pass,IS2062-E250,144.6,Pass,4,Pass,454.4,No,Pass,Pass
CHS-00010,5,2025-01-04 03:40:00,77.7,Fail,88.13,Warning,0.301,Grade B,Pass,HSLA-340,195.1,Pass,3,Pass,527.0,No,Pass,Warning
CHS-00010,6,2025-01-04 03:50:00,94.1,Pass,87.24,Pass,0.15,Grade A,Pass,E350,177.8,Pass,0,Pass,430.7,Yes,Fail,Warning
CHS-00010,7,2025-01-04 04:00:00,75.4,Fail,84.41,Pass,0.127,Grade A,Pass,HSLA-420,200.0,Pass,6,Warning,486.1,No,Pass,Warning
CHS-00010,8,2025-01-04 04:10:00,85.1,Pass,83.55,Pass,0.249,Grade B,Pass,HSLA-420,207.8,Pass,3,Pass,474.3,No,Pass,Pass
CHS-00010,9,2025-01-04 04:20:00,78.1,Fail,83.56,Pass,0.197,Grade A,Pass,IS2062-E250,140.5,Pass,3,Pass,479.7,No,Pass,Warning
CHS-00010,10,2025-01-04 04:30:00,88.5,Pass,88.31,Warning,0.154,Grade A,Pass,HSLA-340,188.3,Pass,5,Pass,492.6,No,Pass,Pass
CHS-00010,12,2025-01-04 04:50:00,84.5,Warning,85.0,Pass,0.504,Grade C,Warning,HSLA-420,189.4,Pass,2,Pass,514.2,No,Pass,Warning
CHS-00010,14,2025-01-04 05:10:00,81.7,Warning,84.31,Pass,0.364,Grade B,Pass,IS2062-E250,126.7,Pass,5,Pass,493.9,No,Pass,Pass
CHS-00010,15,2025-01-04 05:20:00,86.4,Pass,86.82,Pass,0.117,Grade A,Pass,E350,185.8,Pass,6,Warning,403.2,Yes,Fail,Warning
CHS-00010,16,2025-01-04 05:30:00,92.8,Pass,85.76,Pass,0.518,Grade C,Warning,HSLA-340,192.8,Pass,2,Pass,546.0,No,Pass,Pass
CHS-00010,17,2025-01-04 05:40:00,83.7,Warning,85.62,Pass,0.458,Grade C,Warning,HSLA-420,186.2,Pass,6,Warning,438.0,Yes,Fail,Warning
CHS-00010,18,2025-01-04 05:50:00,87.4,Pass,81.53,Fail,0.142,Grade A,Pass,E350,159.4,Pass,7,Warning,464.0,No,Pass,Warning
CHS-00010,19,2025-01-04 06:00:00,80.9,Warning,83.1,Pass,0.275,Grade B,Pass,HSLA-420,195.7,Pass,4,Pass,501.6,No,Pass,Pass
CHS-00010,20,2025-01-04 06:10:00,80.7,Warning,86.89,Pass,0.118,Grade A,Pass,IS2062-E250,140.7,Pass,4,Pass,444.2,Yes,Fail,Warning
CHS-00010,23,2025-01-04 06:40:00,93.6,Pass,84.93,Pass,0.114,Grade A,Pass,HSLA-340,172.1,Pass,1,Pass,510.4,No,Pass,Pass
CHS-00010,25,2025-01-04 07:00:00,91.8,Pass,87.28,Pass,0.283,Grade B,Pass,HSLA-340,188.0,Pass,4,Pass,533.1,No,Pass,Pass
CHS-00010,26,2025-01-04 07:10:00,95.9,Pass,85.94,Pass,0.074,Grade A,Pass,IS2062-E250,153.0,Pass,0,Pass,536.9,No,Pass,Pass
CHS-00010,27,2025-01-04 07:20:00,94.0,Pass,83.62,Pass,0.247,Grade B,Pass,HSLA-420,193.6,Pass,3,Pass,491.1,No,Pass,Pass
CHS-00010,28,2025-01-04 07:30:00,90.7,Pass,87.45,Pass,0.161,Grade A,Pass,E350,160.6,Pass,1,Pass,512.3,No,Pass,Pass
CHS-00010,29,2025-01-04 07:40:00,93.2,Pass,85.89,Pass,0.142,Grade A,Pass,HSLA-340,209.2,Pass,2,Pass,487.8,No,Pass,Pass
CHS-00010,30,2025-01-04 07:50:00,82.9,Warning,83.79,Pass,0.452,Grade C,Warning,HSLA-340,180.1,Pass,1,Pass,446.3,Yes,Fail,Warning
